sep=,
Result 1|time [s] Case 1,Result 1|hea.Q_flow [W] Case 1
0,0
2678.4,6999.993373973276
5356.8,6999.991632000022
8035.200000000001,6999.991631999961
10713.6,6999.99275634141
13392,6999.996572362948
16070.400000000001,4788.485652386181
18748.8,4737.557867363755
21427.2,4747.448872547103
24105.600000000002,4753.756004789735
26784,4654.619714202775
28800,4055.448955352215
28800,4055.448955352215
29462.4,4344.887147964183
32140.800000000003,2900.2785490620486
34819.200000000004,1344.4451578601554
37497.6,122.56417140501472
37829.538499102775,-0.0000041839821398226915
37829.538499102775,-0.0000041839821398226915
37833.11627658897,9.061978937991107e-21
37833.11627658897,9.061978937991107e-21
40176,1.141470548610607e-52
42854.4,7.168228772201606e-75
45532.8,-1.6932188299313637e-105
48211.200000000004,-5.787342684033631e-125
50889.6,507.69693158401236
53568,1155.6100251021016
56246.4,1792.0555691513125
58924.8,2332.5175071126764
61603.200000000004,2708.9896091439086
64281.600000000006,3109.252229247906
64800,3174.065005809827
64800,3174.065005809827
66960,2844.14395927556
69638.40000000001,2971.770961777147
72316.8,2806.676654001747
74995.2,3079.391450335458
77673.6,3012.957100471613
80352,3045.940315668375
83030.40000000001,3222.5499840942584
85708.8,3208.7746068893416
86400,3218.426758357287
86400,3218.426758357287
88387.2,3606.283428327595
91065.6,3775.952844177667
93744,3438.737451824193
96422.40000000001,3569.1020896207488
99100.8,3513.502982545681
101779.2,3274.6031213230817
104457.6,2906.923678046954
107136,2990.016985184619
109814.40000000001,2945.0409913093476
112492.8,2906.6042158811915
115171.2,2916.2906879331563
115200,2914.4428676452544
115200,2914.4428676452544
117849.6,3224.336283802012
120528,2844.1111287961044
123206.40000000001,2552.98777971176
125884.8,2178.810786026776
128563.20000000001,2070.7426915235997
131241.6,1988.1741511248015
133920,1992.590651212137
136598.4,2466.2193382128253
139276.80000000002,2691.4692559219097
141955.2,2668.6436659339556
144633.6,2599.6253170214186
147312,2796.947400183591
149990.4,3225.062097068523
151200,3329.1286920720668
151200,3329.1286920720668
152668.80000000002,2651.8993120431896
155347.2,2498.6562215990125
158025.6,2491.722687803009
160704,2443.2494319117063
163382.4,2388.4467353528985
166060.80000000002,2382.574967873782
168739.2,3058.981746481074
171417.6,3044.819995115647
172800,3024.859295452697
172800,3024.859295452697
174096,3009.4881259845733
176774.4,2985.4172133146553
179452.80000000002,2969.109535277104
182131.2,2839.96999135307
184809.6,2810.3194123717954
187488,3002.8428333974803
190166.4,3231.061086930947
192844.80000000002,3431.6046307005336
195523.2,3613.213871768211
198201.6,3772.5552384443185
200880,3538.0203299300865
201600,3476.834853047788
201600,3476.834853047788
203558.4,4037.1552214119856
206236.80000000002,3791.2636147611697
208915.2,3358.09689899931
211593.6,2975.6093244443555
214272,2704.877743905476
216950.4,2505.521076631569
219628.80000000002,2375.114628691176
222307.2,2380.5181131216295
224985.6,2494.400596527106
227664,2681.8075692175094
230342.4,2904.3804823179353
233020.80000000002,3186.22112102755
235699.2,3380.7114347555707
237600,3477.657840798472
237600,3477.657840798472
238377.6,2934.915220704642
241056,3088.043314540807
243734.4,3194.4947588403456
246412.80000000002,3266.8017491403857
249091.2,3315.8355182730083
251769.6,3348.944344564831
254448,3371.438832307118
257126.40000000002,3386.5805617917104
259200,3394.75686416648
259200,3394.75686416648
259804.80000000002,3396.76056047105
262483.2,3403.868233060932
265161.60000000003,3408.7097372438884
267840,3411.981379461049
270518.4,3420.8883805239307
273196.8,3559.9444118205524
275875.2,3546.74760291226
278553.60000000003,3533.4514305604166
281232,3520.8836968565024
283910.4,3383.246953068613
286588.8,3313.1243155026377
288000,3205.7184547752477
288000,3205.7184547752477
289267.2,3633.8538891861804
291945.60000000003,3285.128430172245
294624,2968.214168555195
297302.4,2748.016107208542
299980.8,2554.3019293371176
302659.2,2344.9005000782977
305337.60000000003,2213.0814414668403
308016,2243.3279637946716
310694.4,2385.808018814505
313372.8,2628.965050356238
316051.2,2779.5068355200424
318729.60000000003,3261.543586388488
321408,3726.5327834262935
324000,4000.02611190208
324000,4000.02611190208
324086.4,3708.0978411826222
326764.8,3719.020957809978
329443.2,3858.523485147993
332121.60000000003,3756.281479056177
334800,3623.029812756923
337478.4,3751.4073494364557
340156.8,3989.04070279586
342835.2,4203.0825265605845
345513.60000000003,4394.195843535949
345600,4400.061204710123
345600,4400.061204710123
348192,4361.774849191251
350870.4,4208.533515408442
353548.8,4104.839572634281
356227.2,4238.514248438697
358905.60000000003,4534.33838920269
361584,5105.10635791864
364262.4,5695.625918454455
366940.8,5992.605818913198
369619.2,6025.526728365819
372297.60000000003,5586.110504008498
374400,4745.050504004451
374400,4745.050504004451
374976,5145.49021774279
377654.4,3866.336519796107
380332.8,2080.830029039616
383011.2,564.1105077971349
384260.6017558927,-0.000004183984760461201
384260.6017558927,-0.000004183984760461201
384264.0212326832,8.970705987457918e-17
384264.0212326832,8.970705987457918e-17
385689.60000000003,-1.7989117474426329e-47
388368,-1.8582226400212856e-55
391046.4,1.0080989637522468e-66
393724.8,-1.155558679899524e-79
396403.2,-2.2006891028393117e-108
399081.60000000003,-1.5696714913381163e-112
401760,-9.915986363091979e-128
404438.4,-6.117787646898038e-143
407116.8,1014.1405269343835
409795.2,2136.055821404018
410400,2336.8169755201043
410400,2336.8169755201043
412473.60000000003,2373.8620499784006
415152,3009.8654025011283
417830.4,3580.460581781458
420508.8,3994.852714200093
423187.2,4321.342485261824
425865.60000000003,4520.6280117662045
428544,4493.279702519757
431222.4,4736.514567255627
432000,4800.05902886321
432000,4800.05902886321
433900.8,4945.883358324887
436579.2,5081.734061070553
439257.60000000003,4979.9246100632245
441936,5173.965812197392
444614.4,5488.727800051331
447292.8,5657.233649067135
449971.2,5530.517991253449
452649.60000000003,5589.027092645416
455328,5567.867732005593
458006.4,5484.677374015178
460684.8,5046.3774985771015
460800,4996.251350864607
460800,4996.251350864607
463363.2,4117.7316812133195
466041.60000000003,2782.6774657319556
468720,1770.7522315697631
471398.4,1544.4134765269714
474076.8,2096.265516589937
476755.2,2406.7160059733246
479433.60000000003,3053.9084513557095
482112,3317.091492910432
484790.4,3549.910196350538
487468.8,3846.9835889983297
490147.2,4265.7964040696115
492825.60000000003,5169.700281632742
495504,5650.693180497113
496800,5833.741272686009
496800,5833.741272686009
498182.4,5490.100171583933
500860.8,5907.21742221229
503539.2,5862.130648783047
506217.60000000003,6274.440240576255
508896,6294.434035745778
511574.4,6117.949677409277
514252.80000000005,5994.2131812536545
516931.2,6175.484048306057
518400,6318.383276909514
518400,6318.383276909514
519609.60000000003,6301.5055884184685
522288,6279.971113845025
524966.4,6366.779389089321
527644.8,6469.598417709176
530323.2000000001,6565.3227036263015
533001.6,6654.927147713292
535680,6714.0058877875
538358.4,6867.799844248864
541036.8,6999.999630750838
543715.2000000001,6999.999461763351
546393.6,6064.682637431108
547200,5541.663873001088
547200,5541.663873001088
549072,4611.329756603931
551750.4,2750.6757862164764
554428.8,1360.520540694988
557107.2000000001,347.83961439728756
558752.5464438106,-0.000004184172690800581
558752.5464438106,-0.000004184172690800581
558756.9129700687,1.1214296303287805e-19
558756.9129700687,1.1214296303287805e-19
559785.6,-1.0553862963020888e-42
562464,1.0801645152273893e-56
565142.4,-6.0283610885106194e-61
567820.8,-1.242289858158273e-67
570499.2000000001,-4.420063875312446e-81
573177.6,623.6537145088338
575856,1731.7132735950604
578534.4,3415.4842989368576
581212.8,4526.328903284578
583200,5019.202907906561
583200,5019.202907906561
583891.2000000001,4619.405618873988
586569.6,5413.691531366644
589248,5628.3617624018725
591926.4,5932.979611596153
594604.8,6247.805648757527
597283.2000000001,6400.683035800186
599961.6,6267.598748830301
602640,6288.804328460893
604800,6429.627848172642
604800,6429.627848172642
605318.4,6473.9261707925025
607996.8,6735.334957651919
610675.2000000001,6694.335002883476
613353.6,6659.4133171204485
616032,6635.728504162162
618710.4,6619.605117760019
621388.8,6728.475356466253
624067.2000000001,6765.531406767723
626745.6,6741.232153935764
629424,6675.158990327278
632102.4,6174.436250588628
633600,5387.215188616853
633600,5387.215188616853
634780.8,5037.622825587574
637459.2000000001,3020.0831076047616
640137.6,1629.7507990266859
642816,639.7432100772868
645494.4,172.60559355019456
648168.3760115195,-0.000004184264011462642
648168.3760115195,-0.000004184264011462642
648172.7371703128,1.1502268867814875e-16
648172.7371703128,1.1502268867814875e-16
648172.8,1.1302938269533547e-16
650851.2000000001,9.97954301001128e-44
653529.6,5.08694831342983e-57
656208,9.64168852358577e-74
658886.4,1.8260165733110573e-81
661564.8,607.1845463084665
664243.2000000001,1980.8606934389172
666921.6,3025.982042836854
669600,3673.823495507617
669600,3673.823495507617
672278.4,3581.884750294531
674956.8,3862.5167224092825
677635.2000000001,3956.852066194618
680313.6,4034.1582198571236
682992,4173.526121290308
685670.4,4181.827567489233
688348.8,4185.80116489265
691027.2000000001,4409.248107118022
691200,4412.893422232433
691200,4412.893422232433
693705.6,4431.112341955904
696384,4444.918452236964
699062.4,4439.979266540752
701740.8,4284.966745369138
704419.2000000001,4310.270268968011
707097.6,4329.507867987301
709776,4342.5424859399045
712454.4,4351.369415967149
715132.8,4267.143481459534
717811.2000000001,4168.164917805965
720000,3907.579872751681
720000,3907.579872751681
720489.6,4432.602453157791
723168,3137.024816482426
725846.4,2086.0470206895056
728524.8,1471.65880165023
731203.2000000001,850.9780298238941
733881.6,40.77670973768703
734055.6034091924,-0.0000041840641947943736
734055.6034091924,-0.0000041840641947943736
734059.5888356916,2.781001313268257e-20
734059.5888356916,2.781001313268257e-20
736560,-6.188065455321632e-55
739238.4,-4.971366333807311e-67
741916.8,1.056717629869093e-81
744595.2000000001,-2.1509186756009735e-94
747273.6,2.672027519058337e-109
749952,823.1827478735422
752630.4,1957.013558402257
755308.8,2387.758570798086
756000,2474.498296430699
756000,2474.498296430699
757987.2000000001,2136.1089799157908
760665.6,2317.4923220235673
763344,2248.467636421749
766022.4,2517.6646533887883
768700.8,2744.285829500471
771379.2000000001,2923.7228979487554
774057.6,3070.2676698793093
776736,3194.429631519693
777600,3201.510280449121
777600,3201.510280449121
779414.4,3183.5452180485913
782092.8,3164.6996164945813
784771.2000000001,3151.800007652876
787449.6,3042.301814101808
790128,2915.1996478789524
792806.4,2810.7427726480432
795484.8,2868.5072016229783
798163.2000000001,3260.7690084190453
800841.6,3539.326278328339
803520,3595.8368071236873
806198.4,2933.3702458180073
806400,2833.9075731932917
806400,2833.9075731932917
808876.8,1925.0893817804945
811555.2000000001,485.9444281020645
812588.1161349228,-0.000004183991206121034
812588.1161349228,-0.000004183991206121034
812591.4387554753,3.476640435718904e-16
812591.4387554753,3.476640435718904e-16
814233.6,1.917420706948411e-43
816912,9.674628066491298e-52
819590.4,1.1544171416570438e-66
822268.8,-7.838822493830061e-85
824947.2000000001,2.691631631262401e-96
827625.6,1.0385237426102813e-113
830304,1.3343476768093967e-122
832982.4,2.621515017756891e-139
835660.8,9.31120189018687e-157
838339.2000000001,2.9445204642178553e-180
841017.6,-1.8762182171660674e-196
842400,50.73564351883267
842400,50.73564351883267
842428.0143983496,-0.000004186618444421773
842428.0143983496,-0.000004186618444421773
842431.6270366493,4.0256084525824685e-19
842431.6270366493,4.0256084525824685e-19
843696,520.904763352548
846374.4,1817.519781434247
849052.8,2540.9794580409725
851731.2000000001,3173.752227371124
854409.6,3418.389914199946
857088,3203.290841706718
859766.4,3499.1770959885034
862444.8,3723.9088759143865
864000,3831.5751336895833
864000,3831.5751336895833
865123.2000000001,3813.3203649152583
867801.6,3489.652286323835
870480,3303.850106618814
873158.4,3208.603526894872
875836.8,3228.9072409934047
878515.2000000001,3304.3820531865827
881193.6,3462.2066029585385
883872,3497.0282380827643
886550.4,3537.9570007054526
889228.8,3673.2103023494005
891907.2000000001,3633.145511737287
892800,3580.763385409872
892800,3580.763385409872
894585.6,3974.7841412364332
897264,3325.502192572042
899942.4,2590.0382353372756
902620.8,1812.5945177324104
905299.2000000001,625.1935773977043
907372.6309116432,-0.000004184314767375766
907372.6309116432,-0.000004184314767375766
907376.4945172933,6.2496041582543775e-19
907376.4945172933,6.2496041582543775e-19
907977.6,6.937617388995608e-39
910656,-1.3604136636346833e-51
913334.4,4.362552427026429e-70
916012.8,1.0841511208672863e-78
918691.2000000001,1.9368058984405055e-94
921369.6,-3.340921136584366e-103
924048,5.046960016238487e-117
926726.4,2.533515204545561e-140
928800,656.335716288542
928800,656.335716288542
929404.8,195.73518576423697
932083.2000000001,828.6753118171722
934761.6,1341.8044695100891
937440,1632.274408430325
940118.4,1818.5339315624403
942796.8,2282.5008207115907
945475.2000000001,2483.3220223737935
948153.6,2647.439865267124
950400,2770.1938594397066
950400,2770.1938594397066
950832,2785.924665471717
953510.4,2768.8565939211544
956188.8,2670.3487821914828
958867.2000000001,2428.592311694052
961545.6,2106.389369328978
964224,2031.8454819538254
966902.4,2184.936377333845
969580.8,2436.120529117164
972259.2000000001,2664.564344427
974937.6,2715.169973559766
977616,2562.500631527801
979200,2342.251380092742
979200,2342.251380092742
980294.4,2613.7664078927714
982972.8,1956.7935851218726
985651.2000000001,2135.0134003500284
988329.6,2111.7689513462446
991008,2047.1431095704959
993686.4,1969.665969375679
996364.8,1899.3583444213552
999043.2000000001,1757.1943331370048
1001721.6,1809.0415903035403
1004400,2220.377533762062
1007078.4,2447.6061004757653
1009756.8,2811.0539074930975
1012435.2000000001,3158.1374991487787
1015113.6,3455.6433606000037
1015200,3465.265899175728
1015200,3465.265899175728
1017792,3510.261745170331
1020470.4,3948.039447993074
1023148.8,4182.001877044882
1025827.2000000001,4313.38098739636
1028505.6000000001,4344.968131928283
1031184,4373.541921161318
1033862.4,4453.547381191184
1036540.8,4957.989624781724
1036800,4956.536794122068
1036800,4956.536794122068
1039219.2000000001,4837.2907866713795
1041897.6000000001,4748.499311770139
1044576,4696.411450966464
1047254.4,4812.360281810012
1049932.8,4767.505159680636
1052611.2,4870.225387396905
1055289.6,5028.144924708485
1057968,4972.502553822792
1060646.4000000001,4934.220953862242
1063324.8,4809.520626706652
1065600,4285.615841861904
1065600,4285.615841861904
1066003.2,4847.633724003799
1068681.6,3352.0263838628325
1071360,1845.8202697804952
1074038.4000000001,680.6549195367816
1076132.5117487188,-0.000004183983021657933
1076132.5117487188,-0.000004183983021657933
1076136.33637011,2.9347700479376566e-19
1076136.33637011,2.9347700479376566e-19
1076716.8,9.884062586910495e-38
1079395.2,1.0586743602643319e-47
1082073.6,4.713445980124367e-56
1084752,-2.5122100244957527e-76
1087430.4000000001,186.65991648366878
1090108.8,760.3437081735811
1092787.2,2155.0786229976525
1095465.6,3130.7557442527377
1098144,3842.5173966737184
1100822.4000000001,4125.207616990579
1101600,4183.804924195828
1101600,4183.804924195828
1103500.8,3876.34159367253
1106179.2,4044.822024898648
1108857.6,3737.905665738999
1111536,3895.497882671045
1114214.4000000001,3886.3020171712524
1116892.8,3904.684765532868
1119571.2,3965.48607859219
1122249.6,4006.4182028099453
1123200,4017.552439036962
1123200,4017.552439036962
1124928,4086.5034762136024
1127606.4000000001,4234.207680112175
1130284.8,4361.742258679786
1132963.2,3574.769489694998
1135641.6,3318.2612285219916
1138320,3599.5237789955795
1140998.4000000001,4046.811345735513
1143676.8,4250.729596538553
1146355.2,4045.318830279799
1149033.6,3768.387736647744
1151712,3401.56010656308
1152000,3359.6497095555164
1152000,3359.6497095555164
1154390.4000000001,3903.1010705292047
1157068.8,3665.4362704690025
1159747.2,3391.693635906365
1162425.6,3281.0166425581037
1165104,3031.4976463878315
1167782.4000000001,2906.2936203025847
1170460.8,1881.3800612121747
1173139.2,670.2941300821423
1175817.6,331.943147021823
1178496,663.2984888846546
1181174.4000000001,1590.7144302492097
1183852.8,2682.803739745099
1186531.2,3486.9932936402975
1188000,3777.398026869563
1188000,3777.398026869563
1189209.6,3391.7096250491672
1191888,3720.9251686595658
1194566.4000000001,3850.0281131620195
1197244.8,4330.3852798798125
1199923.2,4657.925384390226
1202601.6,4648.029227608075
1205280,5136.538147594091
1207958.4000000001,5745.881456176705
1209600,5931.878774699409
1209600,5931.878774699409
1210636.8,5858.659285393786
1213315.2,5719.68270068529
1215993.6,5625.640250969729
1218672,5561.688337591682
1221350.4000000001,5505.404199889592
1224028.8,5339.033703327236
1226707.2,5091.036248895047
1229385.6,4971.5798903880595
1232064,4778.833058592136
1234742.4000000001,4291.730425630898
1237420.8,3817.045784510561
1238400,3583.5462713019497
1238400,3583.5462713019497
1240099.2,3576.5524202227443
1242777.6,2206.134420109121
1245456,708.2364056352624
1246896.4725699108,-0.000004184947556947265
1246896.4725699108,-0.000004184947556947265
1246899.798565843,7.907977725561891e-19
1246899.798565843,7.907977725561891e-19
1248134.4000000001,6.031724950337813e-43
1250812.8,8.966289869480076e-48
1253491.2,1.0775881208850662e-56
1256169.6,-2.806833138613189e-69
1258848,7.178029584025465e-80
1261526.4000000001,-6.53273366658519e-107
1264204.8,-2.0819081013753596e-119
1266883.2,2.8808313614898023e-152
1269561.6,6.944936470100547e-178
1272240,4.200947764638973e-188
1274400,563.6280283046978
1274400,563.6280283046978
1274918.4000000001,181.83146073240232
1277596.8,1863.7268725054128
1280275.2,2275.8201311825765
1282953.6,2531.4202446427284
1285632,2831.995684941926
1288310.4000000001,3738.166254276022
1290988.8,3446.074466835221
1293667.2,3517.294835807704
1296000,3886.733300304929
1296000,3886.733300304929
1296345.6,3903.407739482423
1299024,3994.1367135594733
1301702.4000000001,4189.263991485145
1304380.8,4359.137245002877
1307059.2,4343.592281630888
1309737.6,3888.5880200145752
1312416,3711.7399761322295
1315094.4000000001,3693.7837587244007
1317772.8,3721.389516788144
1320451.2,3608.5624640166493
1323129.6,3442.086683175572
1324800,3130.22962507165
1324800,3130.22962507165
1325808,3364.5914959549614
1328486.4000000001,2102.102795621562
1331164.8,1174.873529245002
1333843.2,1195.2873434167311
1336521.6,869.485950730678
1339200,1.9969572518927956
1339205.353235858,-0.000004186853629084148
1339205.353235858,-0.000004186853629084148
1339208.8145157055,3.0761800541735453e-16
1339208.8145157055,3.0761800541735453e-16
1341878.4000000001,-2.6586095915903647e-57
1344556.8,1.4920810140754214e-73
1347235.2,-1.0383305463130164e-100
1349913.6,3.424969263548282e-123
1352592,2.805366674087917e-137
1355270.4000000001,-2.6871400643680655e-155
1357948.8,-6.32998757631041e-182
1360627.2,-1.640496259434324e-196
1360800,-6.1089147130266855e-195
1360800,-6.1089147130266855e-195
1363305.6,-1.524545112360448e-249
1365984,6.107329207918214e-265
1368662.4000000001,40.69461151116314
1371340.8,677.6884631213735
1374019.2,929.5782389230723
1376697.6,1181.4620446795072
1379376,1415.4981934690684
1382054.4000000001,1610.7094554936816
1382400,1631.5114646679942
1382400,1631.5114646679942
1384732.8,1744.978582411302
1387411.2,1867.2506439085253
1390089.6,1983.650388437389
1392768,2053.6151053394988
1395446.4000000001,2265.6590881966076
1398124.8,2478.034144020787
1400803.2,2639.81636637465
1403481.6,2672.2767299498364
1406160,2602.1982131760506
1408838.4000000001,2357.7786367481267
1411200,1639.572743049722
1411200,1639.572743049722
1411516.8,2198.936427874002
1414195.2,702.25818456218
1415331.9497476183,-0.000004186382416811758
1415331.9497476183,-0.000004186382416811758
1415334.8538085348,8.582825101838903e-20
1415334.8538085348,8.582825101838903e-20
1416873.6,7.112766839822024e-47
1419552,-1.9898431264393343e-60
1422230.4000000001,-2.1592011014853763e-76
1424908.8,9.217986891784889e-88
1427587.2,9.981115081344552e-98
1430265.6,-6.25306182433541e-130
1432944,-5.229879611462047e-150
1435622.4000000001,-3.423259248677512e-186
1438300.8,-4.598032848391029e-195
1440979.2,9.19381826025277e-208
1443657.6,1.4575482229850734e-226
1446336,5.1944780145990665e-238
1447200,1.5764658638338525e-244
1447200,1.5764658638338525e-244
1449014.4000000001,-4.065752190162157e-285
1451692.8,2.9931558238697747e-295
1454371.2,1.2472033964851537e-299
1457049.6,-1.509811787887288e-307
1459728,1.03995221674e-313
1462406.4000000001,0
1465084.8,0
1467763.2,676.1805833458591
1468800,877.7724314931681
1468800,877.7724314931681
1470441.6,1000.8890349003201
1473120,1173.8769654734992
1475798.4000000001,1366.9143543535254
1478476.8,1497.582025256494
1481155.2,1586.4213487077657
1483833.6,1636.1075603615016
1486512,1541.4904423087464
1489190.4000000001,1586.3144717246782
1491868.8,1618.8948194457635
1494547.2,1638.1129544491
1497225.6,1754.3342760265448
1497600,1758.9919849669527
1497600,1758.9919849669527
1499904,2147.951050021507
1502582.4000000001,1594.284398194297
1505260.8,1034.6970499099186
1507939.2,432.62326657604353
1510617.6,104.76733032102491
1513296,614.6410568258904
1515974.4000000001,1088.8526445143407
1518652.8,1576.627772013539
1521331.2,1861.2235988271539
1524009.6,2178.3360845289785
1526688,2492.238497940053
1529366.4000000001,2752.173635953562
1532044.8,2842.1167095858414
1533600,2875.1178103113225
1533600,2875.1178103113225
1534723.2,2331.688589495654
1537401.6,2427.1172780407287
1540080,2495.4995892590277
1542758.4000000001,2541.8833534058917
1545436.8,2573.3330894382525
1548115.2,2594.7018121172237
1550793.6,2609.2259104259188
1553472,2619.095412648164
1555200,2623.7136219644512
1555200,2623.7136219644512
1556150.4000000001,2601.00777027319
1558828.8,2482.481530902216
1561507.2,2505.982823779897
1564185.6,2521.2130646661203
1566864,2545.4942270781776
1569542.4000000001,2684.0605426415405
1572220.8,2805.900321297272
1574899.2,2753.416668251353
1577577.6,2656.037509201119
1580256,2805.4275540557555
1582934.4000000001,2736.799174584364
1584000,2654.072909569986
1584000,2654.072909569986
1585612.8,3069.4247328910114
1588291.2,2813.011618309471
1590969.6,2578.4681279360407
1593648,2468.4217403357206
1596326.4000000001,2266.0943555992703
1599004.8,2100.6271552774274
1601683.2,2005.7307364560268
1604361.6,2058.282482145668
1607040,2272.6001891300434
1609718.4000000001,2519.606904433454
1612396.8,2639.438855292554
1615075.2,2958.112136900125
1617753.6,3168.49212429029
1620000,3257.7620374728754
1620000,3257.7620374728754
1620432,2579.833598423237
1623110.4000000001,2824.146641439157
1625788.8,2920.497807768506
1628467.2,3036.719324352619
1631145.6,3203.505447198054
1633824,3211.0954611772445
1636502.4000000001,3216.5096014631004
1639180.8,3244.2980476647126
1641600,3370.625329952667
1641600,3370.625329952667
1641859.2,3383.9690097883617
1644537.6,3636.8955751607846
1647216,3440.892120780212
1649894.4000000001,3334.9111638969925
1652572.8,3468.8539428394542
1655251.2,3452.1210979110347
1657929.6,3441.352937108277
1660608,3434.0316641540244
1663286.4000000001,3429.0814769148337
1665964.8,3424.24180033071
1668643.2,3361.959488874649
1670400,3283.432997513503
1670400,3283.432997513503
1671321.6,3796.9976490976787
1674000,3548.4790796057277
1676678.4000000001,3143.5536064190537
1679356.8,2802.9989200617897
1682035.2,2558.4089632959067
1684713.6,2459.630645471296
1687392,2192.388885655677
1690070.4000000001,747.9673714647747
1692117.269747384,-0.00000418594998862285
1692117.269747384,-0.00000418594998862285
1692121.1035388927,3.188730185086837e-16
1692121.1035388927,3.188730185086837e-16
1692748.8,5.053072394169793e-37
1695427.2,3.3835247073337427e-46
1698105.6,-2.815800952384481e-53
1700784,540.86710553856
1703462.4000000001,1916.5993414326524
1706140.8,2787.5402585035245
1706400,2826.9096430438294
1706400,2826.9096430438294
1708819.2,2544.226698333117
1711497.6,2792.008152098953
1714176,2941.100698466339
1716854.4000000001,2754.7433999270143
1719532.8,2866.6312243973643
1722211.2,2949.5000861861317
1724889.6,3005.7330032428995
1727568,3043.8717656245576
1728000,3048.765393921024
1728000,3048.765393921024
1730246.4000000001,3070.0594407950603
1732924.8,3087.73290698796
1735603.2,3096.0165142305386
1738281.6,2966.5275733747217
1740960,2982.628184530046
1743638.4000000001,3000.5601475433136
1746316.8,3012.899140301574
1748995.2,3021.0988621209744
1751673.6,3026.043331515126
1754352,2904.295680601415
1756800,2303.7476229204663
1756800,2303.7476229204663
1757030.4000000001,2829.407359359466
1759708.8,1801.9383258034252
1762387.2,837.9872623159322
1764142.1084254656,-0.000004184422888244264
1764142.1084254656,-0.000004184422888244264
1764145.5078930466,4.1758104834910817e-16
1764145.5078930466,4.1758104834910817e-16
1765065.6,1.5799916987513558e-39
1767744,7.446493058079699e-60
1770422.4000000001,-1.0032677130200553e-77
1773100.8,-8.959080546973288e-93
1775779.2,-1.522538103238006e-117
1778457.6,-1.821108092015831e-133
1781136,8.683195987495672e-147
1783814.4000000001,-2.0014221714721685e-158
1786492.8,-4.656637860932816e-177
1789171.2,-3.2102870580036643e-190
1791849.6,3.453690840733653e-206
1792800,-7.02247294613122e-216
1792800,-7.02247294613122e-216
1794528,8.69080030318041e-257
1797206.4000000001,1314.8292698876048
1799884.8,1802.7541386597552
1802563.2,2043.8431210478034
1805241.6,2207.6779176274913
1807920,2318.9210860929666
1810598.4000000001,2393.6784746607987
1813276.8,2561.542408129009
1814400,2609.4901631993125
1814400,2609.4901631993125
1815955.2,2615.0270102275153
1818633.6,2623.016891987541
1821312,2628.2050256385523
1823990.4000000001,2741.088636778018
1826668.8,2878.3226936234396
1829347.2,2921.0187696241874
1832025.6,2891.998623654113
1834704,2872.088992595312
1837382.4000000001,2809.1890170041997
1840060.8,2704.0159819439223
1842739.2,2815.134983450512
1843200,2803.5020973499327
1843200,2803.5020973499327
1845417.6,3185.973973166031
1848096,2722.729213767346
1850774.4000000001,1780.0114119804261
1853452.8,445.4159907258652
1854895.4756210449,-0.0000041851460722060605
1854895.4756210449,-0.0000041851460722060605
1854899.3301660698,9.512024835415276e-19
1854899.3301660698,9.512024835415276e-19
1856131.2,1.3395650095797136e-42
1858809.6,-1.480576230560656e-62
1861488,-2.704565606686181e-81
1864166.4000000001,8.954283475414429e-95
1866844.8,1.3390627878315175e-101
1869523.2,1.0130861632228867e-116
1872201.6,9.749291506730716e-135
1874880,-9.201313613232206e-158
1877558.4000000001,4.822406616873148e-175
1879200,1250.5275339138052
1879200,1250.5275339138052
1880236.8,1204.803116887874
1882915.2,2076.9099884728716
1885593.6,2672.79130460609
1888272,3083.4131318674004
1890950.4000000001,3411.726574308639
1893628.8,3805.927675030361
1896307.2,3678.405191125921
1898985.6,3878.0907133433157
1900800,4044.087058829652
1900800,4044.087058829652
1901664,4010.702977356263
1904342.4000000001,3874.502713424705
1907020.8,3886.084678820371
1909699.2,3796.513204317849
1912377.6,3782.6322044112767
1915056,4242.810056116793
1917734.4000000001,4301.544635527359
1920412.8,4467.819391250846
1923091.2,4571.07869854928
1925769.6,4358.862824346704
1928448,4187.637481827179
1929600,3831.3571601371154
1929600,3831.3571601371154
1931126.4000000001,3375.458398911881
1933804.8,1435.9890768742418
1936483.2,98.38874757126123
1936721.9714205093,-0.000004185314765299931
1936721.9714205093,-0.000004185314765299931
1936725.4254190014,1.2784093148918396e-18
1936725.4254190014,1.2784093148918396e-18
1939161.6,1.0196758612828747e-48
1941840,-8.248518484569263e-56
1944518.4000000001,1.0438009051275627e-69
1947196.8,-1.4434623817275731e-87
1949875.2,8.226802249716318e-97
1952553.6,9.567284618055678e-110
1955232,3.1289795912953636e-120
1957910.4000000001,-1.2503714514394035e-129
1960588.8,-2.9166106397059764e-155
1963267.2,-3.0663138634440997e-172
1965600,3.860340767594918e-190
1965600,3.860340767594918e-190
1965945.6,-4.2388441273692226e-213
1968624,1088.9642652861917
1971302.4000000001,1811.0933393914033
1973980.8,2294.227859592943
1976659.2,2624.242590191775
1979337.6,3145.1642408118432
1982016,3195.8092224430097
1984694.4000000001,3217.8516473996706
1987200,3279.186259231012
1987200,3279.186259231012
1987372.8,3282.6334767771814
1990051.2,3326.1020230288154
1992729.6,3287.354499536306
1995408,3109.4460524903807
1998086.4000000001,2921.671905959497
2000764.8,2987.9594466346157
2003443.2,3031.7846361663355
2006121.6,3061.4866334625362
2008800,3081.6723704409537
2011478.4000000001,3092.944402493703
2014156.8,3008.6839682811305
2016000,2886.640053841632
2016000,2886.640053841632
2016835.2,3405.234812132965
2019513.6,3132.7433562668234
2022192,2791.2716379644958
2024870.4000000001,2381.5051075080655
2027548.8,1973.7736134192792
2030227.2,1871.9678529033272
2032905.6,1540.0057338250886
2035584,1593.251617649302
2038262.4000000001,1789.0191737278767
2040940.8,1921.0312361101078
2043619.2,2095.4948516661784
2046297.6,2248.845785757315
2048976,2311.6579816058306
2051654.4000000001,2480.099623396714
2052000,2507.3147017172364
2052000,2507.3147017172364
2054332.8,2856.08259769191
2057011.2000000002,2964.9068521066565
2059689.6,2690.790654557076
2062368,2453.3286726319093
2065046.4000000001,2506.2639046568734
2067724.8,2549.4315042330677
2070403.2000000002,2575.527781851853
2073081.6,2465.542957253025
2073600,2453.2452844292993
2073600,2453.2452844292993
2075760,2479.876233719415
2078438.4000000001,2436.6995892206482
2081116.8,2360.020608016757
2083795.2000000002,2530.236759497173
2086473.6,2645.3150602932697
2089152,2776.6971656395185
2091830.4000000001,3024.091283232496
2094508.8,3414.142118934888
2097187.2,3351.5716355262853
2099865.6,3233.7339843339805
2102400,3140.6946729102087
2102400,3140.6946729102087
2102544,3595.7478521705434
2105222.4,3451.7276136034247
2107900.8000000003,2558.97153301439
2110579.2,2462.719362351764
2113257.6,2632.108554863773
2115936,2587.0303715489936
2118614.4,2497.4197255357335
2121292.8000000003,2426.5643027448855
2123971.2,2016.887026253489
2126649.6,1190.802058096491
2129328,1155.0977477616943
2132006.4,1776.6481436666754
2134684.8000000003,2609.0911044764403
2137363.2,3562.5183926230907
2138400,3762.0104541330606
2138400,3762.0104541330606
2140041.6,3290.432649385607
2142720,3454.343217550455
2145398.4,3565.224777434536
2148076.8000000003,3640.1813121612504
2150755.2,3691.3425217947215
2153433.6,3726.175750096577
2156112,3749.432898776095
2158790.4,3974.959902165352
2160000,4095.7700518001748
2160000,4095.7700518001748
2161468.8000000003,4168.312249799469
2164147.2,4226.040286937928
2166825.6,4166.387573709355
2169504,4244.035654510743
2172182.4,4340.831795951315
2174860.8000000003,4419.933948663361
2177539.2,4207.751553953851
2180217.6,4149.389774155926
2182896,4291.619602913673
2185574.4,4513.573054379613
2188252.8000000003,4558.3453791173215
2188800,4549.852607581524
2188800,4549.852607581524
2190931.2,4952.201916249357
2193609.6,4735.029751735852
2196288,4553.585808402046
2198966.4,4422.65475901584
2201644.8000000003,4388.126675455536
2204323.2,4325.48889011512
2207001.6,3920.993276499747
2209680,3451.138060659321
2212358.4,3901.8826252709346
2215036.8000000003,4172.858739291911
2217715.2,4658.809516147735
2220393.6,4969.38803748108
2223072,5513.56018037793
2224800,5774.2605367297065
2224800,5774.2605367297065
2225750.4,5306.814362085431
2228428.8000000003,5505.663006844134
2231107.2,5828.976701209623
2233785.6,6022.029924609381
2236464,6091.0310133586445
2239142.4,6053.869105592483
2241820.8000000003,6293.719435075799
2244499.2,6418.175362894249
2246400,6443.999804822344
2246400,6443.999804822344
2247177.6,6436.252877157783
2249856,6380.259509877328
2252534.4,6502.079903115381
2255212.8000000003,6494.418172433305
2257891.2,6462.520881671296
2260569.6,6440.874577941387
2263248,6426.243954465169
2265926.4,6544.069814807779
2268604.8000000003,6721.126828257891
2271283.2,6583.099406041646
2273961.6,5894.940685320957
2275200,5357.273210902587
2275200,5357.273210902587
2276640,5122.559804890421
2279318.4,3503.835910410032
2281996.8000000003,1965.1196036249708
2284675.2,966.005360135868
2287353.6,395.815401430216
2290032,142.8945351835613
2291136.264635615,-0.000004184746002115585
2291136.264635615,-0.000004184746002115585
2291140.5861855354,1.3540570156563365e-18
2291140.5861855354,1.3540570156563365e-18
2292710.4,-1.4749755165407772e-45
2295388.8000000003,1.6444636968086666e-54
2298067.2,438.16271575982404
2300745.6,1132.2504574254858
2303424,1795.2153599839496
2306102.4,3180.5513249464393
2308780.8000000003,4431.291260548575
2311200,5096.877342860281
2311200,5096.877342860281
2311459.2,4495.323756181614
2314137.6,5013.610873353051
2316816,5448.6908570802025
2319494.4,5654.625757980212
2322172.8000000003,5669.405743885771
2324851.2,5620.948836352393
2327529.6,5702.276758075352
2330208,5769.135922975803
2332800,5813.309765636215
2332800,5813.309765636215
2332886.4,5814.506650968037
2335564.8000000003,5845.3768508725425
2338243.2,5866.35980158282
2340921.6,5880.592036748886
2343600,5890.163203224838
2346278.4,5770.632022247301
2348956.8000000003,5767.897312731203
2351635.2,5785.9255923187775
2354313.6,5798.240301464133
2356992,5804.92146026785
2359670.4,5695.749925346051
2361600,5534.043213525682
2361600,5534.043213525682
2362348.8000000003,6044.996123132767
2365027.2,5613.819731324794
2367705.6,4905.931428877904
2370384,4553.137707761244
2373062.4,4437.965875240779
2375740.8000000003,3985.9201564112363
2378419.2,3817.9875938905216
2381097.6,3149.4640802257977
2383776,3074.222628973309
2386454.4,3405.5543733161267
2389132.8000000003,3747.095308994477
2391811.2,3986.8893167896517
2394489.6,4127.742796043351
2397168,4337.698524353409
2397600,4355.85339894744
2397600,4355.85339894744
2399846.4,3811.9486397198416
2402524.8000000003,3930.814969519554
2405203.2,4044.316004518491
2407881.6,4121.299338391449
2410560,4271.81611046743
2413238.4,4346.634068340058
2415916.8000000003,4354.750225712401
2418595.2,4359.913714255508
2419200,4360.827826566055
2419200,4360.827826566055
2421273.6,4294.323951651464
2423952,4157.580022356506
2426630.4,4073.077563935885
2429308.8000000003,4108.12347408215
2431987.2,4131.425194624513
2434665.6,4147.225586286746
2437344,4157.623196856711
2440022.4,4019.1888846647685
2442700.8000000003,4109.618795004218
2445379.2,4194.000054785753
2448000,4172.771594726405
2448000,4172.771594726405
2448057.6,4374.522566388002
2450736,4654.623538079272
2453414.4,4383.099904120762
2456092.8000000003,4098.650422349921
2458771.2,3846.4002370028506
2461449.6,2837.1388859759218
2464128,1919.1840487599059
2466806.4,1497.90448822134
2469484.8000000003,1267.4933197076787
2472163.2,1365.1596866849022
2474841.6,1764.8600775915145
2477520,2468.2792032623456
2480198.4,3575.168208290668
2482876.8000000003,4097.484961067835
2484000,4260.321192383004
2484000,4260.321192383004
2485555.2,3942.969269600647
2488233.6,4340.493680766533
2490912,4646.7506667622965
2493590.4,4856.290498942945
2496268.8000000003,5031.720794055628
2498947.2,5181.271108920483
2501625.6,5285.519739298443
2504304,5390.746207089296
2505600,5449.014943158382
2505600,5449.014943158382
2506982.4,5660.30908564749
2509660.8000000003,6056.383619969787
2512339.2,6086.93915391896
2515017.6,6134.692673254633
2517696,6091.090087502185
2520374.4,6033.311934213812
2523052.8000000003,5993.976712078713
2525731.2,5685.670271321818
2528409.6,5446.428933789771
2531088,5340.818047561947
2533766.4,5157.128901189579
2534400,5117.179674060884
2534400,5117.179674060884
2536444.8000000003,5453.459333680495
2539123.2,4940.720546765317
2541801.6,4356.766829381705
2544480,4254.432849192549
2547158.4,3913.2082133227236
2549836.8000000003,3687.2061465678853
2552515.2,3560.233667160265
2555193.6,3464.4099763517356
2557872,3386.985224508471
2560550.4,3398.5421852029835
2563228.8000000003,3664.2870038817027
2565907.2,3647.584741465575
2568585.6,3789.8433304787977
2570400,3953.152373583842
2570400,3953.152373583842
2571264,3500.9151786311036
2573942.4,3929.756309468837
2576620.8000000003,3922.672708486296
2579299.2,3753.3171116461526
2581977.6,3668.0873025805067
2584656,3886.66096768994
2587334.4,4167.186632461707
2590012.8000000003,4375.367775071562
2592000,4401.501059157728
2592000,4401.501059157728
2592691.2,4360.719029980157
2595369.6,4188.985855910734
2598048,4052.1537183135715
2600726.4,4045.294902204404
2603404.8000000003,4061.059218162145
2606083.2,4071.637282102705
2608761.6,4078.8062923729412
2611440,4035.3849089443033
2614118.4,3891.6735904071975
2616796.8000000003,3803.647560589911
2619475.2,3614.661914550233
2620800,3477.9543958371974
2620800,3477.9543958371974
2622153.6,3845.435262045911
2624832,3322.697576234717
2627510.4,2931.8389895961636
2630188.8000000003,2479.8113280168373
2632867.2,2191.0215728500084
2635545.6,1801.757919821763
2638224,1415.6421519155572
2640902.4,1738.7749993969533
2643580.8000000003,2138.907143362264
2646259.2,2538.384610960231
2648937.6,2780.532548276503
2651616,3012.63570041198
2654294.4,3234.782695101682
2656800,3469.7296071481333
2656800,3469.7296071481333
2656972.8000000003,2949.6009442470977
2659651.2,2890.92009823738
2662329.6,2977.8465845742844
2665008,3001.2863263157906
2667686.4,2948.093018218831
2670364.8000000003,3337.0980684617716
2673043.2,3689.2204205430826
2675721.6,3993.784713623708
2678400,4267.313659573948
2678400,4267.313659573948